Transcript Name,word,count
FB-Q2-2021,the,430
FB-Q2-2021,to,412
FB-Q2-2021,and,366
FB-Q2-2021,of,274
FB-Q2-2021,that,254
FB-Q2-2021,a,199
FB-Q2-2021,in,183
FB-Q2-2021,we,162
FB-Q2-2021,is,149
FB-Q2-2021,on,149
FB-Q2-2021,our,140
FB-Q2-2021,i,118
FB-Q2-2021,for,114
FB-Q2-2021,it,100
FB-Q2-2021,so,93
FB-Q2-2021,we're,91
FB-Q2-2021,--,91
FB-Q2-2021,this,87
FB-Q2-2021,be,86
FB-Q2-2021,with,82
FB-Q2-2021,going,81
FB-Q2-2021,are,80
FB-Q2-2021,as,72
FB-Q2-2021,think,62
FB-Q2-2021,people,61
FB-Q2-2021,you,58
FB-Q2-2021,can,56
FB-Q2-2021,from,55
FB-Q2-2021,but,53
FB-Q2-2021,more,53
FB-Q2-2021,or,52
FB-Q2-2021,like,49
FB-Q2-2021,ads,43
FB-Q2-2021,there,41
FB-Q2-2021,have,41
FB-Q2-2021,about,39
FB-Q2-2021,just,38
FB-Q2-2021,lot,37
FB-Q2-2021,at,37
FB-Q2-2021,all,35
FB-Q2-2021,make,35
FB-Q2-2021,next,34
FB-Q2-2021,growth,34
FB-Q2-2021,business,33
FB-Q2-2021,go,32
FB-Q2-2021,across,32
FB-Q2-2021,video,30
FB-Q2-2021,by,30
FB-Q2-2021,what,30
FB-Q2-2021,do,30
FB-Q2-2021,businesses,30
FB-Q2-2021,question,29
FB-Q2-2021,really,28
FB-Q2-2021,facebook,27
FB-Q2-2021,officer,27
FB-Q2-2021,chief,27
FB-Q2-2021,one,27
FB-Q2-2021,then,26
FB-Q2-2021,seeing,26
FB-Q2-2021,want,26
FB-Q2-2021,creators,25
FB-Q2-2021,new,25
FB-Q2-2021,now,25
FB-Q2-2021,help,25
FB-Q2-2021,billion,24
FB-Q2-2021,their,24
FB-Q2-2021,over,23
FB-Q2-2021,also,23
FB-Q2-2021,quarter,23
FB-Q2-2021,products,23
FB-Q2-2021,they,23
FB-Q2-2021,work,23
FB-Q2-2021,well,22
FB-Q2-2021,year,22
FB-Q2-2021,was,22
FB-Q2-2021,your,22
FB-Q2-2021,services,22
FB-Q2-2021,some,21
FB-Q2-2021,expect,21
FB-Q2-2021,mark,21
FB-Q2-2021,building,21
FB-Q2-2021,other,21
FB-Q2-2021,continue,21
FB-Q2-2021,those,20
FB-Q2-2021,will,20
FB-Q2-2021,very,20
FB-Q2-2021,if,20
FB-Q2-2021,kind,20
FB-Q2-2021,how,20
FB-Q2-2021,an,19
FB-Q2-2021,up,19
FB-Q2-2021,metaverse,19
FB-Q2-2021,second,19
FB-Q2-2021,these,19
FB-Q2-2021,them,19
FB-Q2-2021,important,19
FB-Q2-2021,get,19
FB-Q2-2021,able,18
FB-Q2-2021,take,18
FB-Q2-2021,out,18
FB-Q2-2021,financial,18
FB-Q2-2021,us,18
FB-Q2-2021,last,18
FB-Q2-2021,we've,18
FB-Q2-2021,been,18
FB-Q2-2021,which,18
FB-Q2-2021,content,18
FB-Q2-2021,better,18
FB-Q2-2021,ad,18
FB-Q2-2021,good,17
FB-Q2-2021,first,17
FB-Q2-2021,you're,17
FB-Q2-2021,wehner,17
FB-Q2-2021,maybe,16
FB-Q2-2021,way,16
FB-Q2-2021,platform,16
FB-Q2-2021,commerce,16
FB-Q2-2021,not,16
FB-Q2-2021,ahead,16
FB-Q2-2021,today,16
FB-Q2-2021,would,15
FB-Q2-2021,through,15
FB-Q2-2021,different,15
FB-Q2-2021,here,15
FB-Q2-2021,great,15
FB-Q2-2021,see,15
FB-Q2-2021,reels,15
FB-Q2-2021,tools,15
FB-Q2-2021,ai,15
FB-Q2-2021,things,15
FB-Q2-2021,overall,14
FB-Q2-2021,focus,14
FB-Q2-2021,please,14
FB-Q2-2021,around,14
FB-Q2-2021,has,14
FB-Q2-2021,when,14
FB-Q2-2021,making,14
FB-Q2-2021,messaging,14
FB-Q2-2021,experiences,14
FB-Q2-2021,big,14
FB-Q2-2021,revenue,14
FB-Q2-2021,build,14
FB-Q2-2021,many,14
FB-Q2-2021,dave,13
FB-Q2-2021,sure,13
FB-Q2-2021,live,13
FB-Q2-2021,part,13
FB-Q2-2021,product,13
FB-Q2-2021,future,13
FB-Q2-2021,reach,13
FB-Q2-2021,focused,12
FB-Q2-2021,investments,12
FB-Q2-2021,france,12
FB-Q2-2021,advertisers,12
FB-Q2-2021,use,12
FB-Q2-2021,who,12
FB-Q2-2021,driven,12
FB-Q2-2021,terms,12
FB-Q2-2021,thanks,12
FB-Q2-2021,where,12
FB-Q2-2021,doing,12
FB-Q2-2021,certainly,11
FB-Q2-2021,brand,11
FB-Q2-2021,sheryl,11
FB-Q2-2021,best,11
FB-Q2-2021,most,11
FB-Q2-2021,need,11
FB-Q2-2021,digital,11
FB-Q2-2021,increasingly,11
FB-Q2-2021,long,11
FB-Q2-2021,analyst,11
FB-Q2-2021,advertising,11
FB-Q2-2021,than,11
FB-Q2-2021,apps,11
FB-Q2-2021,talk,11
FB-Q2-2021,call,11
FB-Q2-2021,any,11
FB-Q2-2021,i'm,11
FB-Q2-2021,number,10
FB-Q2-2021,being,10
FB-Q2-2021,platforms,10
FB-Q2-2021,place,10
FB-Q2-2021,years,10
FB-Q2-2021,meaningful,10
FB-Q2-2021,experience,10
FB-Q2-2021,progress,10
FB-Q2-2021,don't,10
FB-Q2-2021,create,10
FB-Q2-2021,much,10
FB-Q2-2021,instagram,10
FB-Q2-2021,already,10
FB-Q2-2021,shops,10
FB-Q2-2021,creator,10
FB-Q2-2021,basis,10
FB-Q2-2021,back,10
FB-Q2-2021,obviously,10
FB-Q2-2021,mean,10
FB-Q2-2021,company,10
FB-Q2-2021,expenses,10
FB-Q2-2021,everyone,10
FB-Q2-2021,yes,10
FB-Q2-2021,questions,10
FB-Q2-2021,primarily,10
FB-Q2-2021,they're,10
FB-Q2-2021,economy,9
FB-Q2-2021,pandemic,9
FB-Q2-2021,impact,9
FB-Q2-2021,especially,9
FB-Q2-2021,because,9
FB-Q2-2021,results,9
FB-Q2-2021,personalized,9
FB-Q2-2021,2021,9
FB-Q2-2021,even,9
FB-Q2-2021,helping,9
FB-Q2-2021,area,9
FB-Q2-2021,social,9
FB-Q2-2021,areas,9
FB-Q2-2021,line,9
FB-Q2-2021,investment,9
FB-Q2-2021,time,9
FB-Q2-2021,q2,9
FB-Q2-2021,total,9
FB-Q2-2021,specific,8
FB-Q2-2021,opportunities,8
FB-Q2-2021,operating,8
FB-Q2-2021,both,8
FB-Q2-2021,feed,8
FB-Q2-2021,half,8
FB-Q2-2021,into,8
FB-Q2-2021,thing,8
FB-Q2-2021,strong,8
FB-Q2-2021,system,8
FB-Q2-2021,companies,8
FB-Q2-2021,customers,8
FB-Q2-2021,using,8
FB-Q2-2021,were,8
FB-Q2-2021,within,8
FB-Q2-2021,why,8
FB-Q2-2021,consumer,8
FB-Q2-2021,online,8
FB-Q2-2021,sandberg,7
FB-Q2-2021,data,7
FB-Q2-2021,before,7
FB-Q2-2021,compared,7
FB-Q2-2021,may,7
FB-Q2-2021,effective,7
FB-Q2-2021,rates,7
FB-Q2-2021,two,7
FB-Q2-2021,sort,7
FB-Q2-2021,toward,7
FB-Q2-2021,news,7
FB-Q2-2021,say,7
FB-Q2-2021,devices,7
FB-Q2-2021,down,7
FB-Q2-2021,should,7
FB-Q2-2021,start,7
FB-Q2-2021,significant,7
FB-Q2-2021,learning,7
FB-Q2-2021,efforts,7
FB-Q2-2021,community,7
FB-Q2-2021,payments,7
FB-Q2-2021,investing,7
FB-Q2-2021,something,7
FB-Q2-2021,while,7
FB-Q2-2021,changes,7
FB-Q2-2021,internet,7
FB-Q2-2021,develop,7
FB-Q2-2021,still,7
FB-Q2-2021,during,7
FB-Q2-2021,working,7
FB-Q2-2021,world,7
FB-Q2-2021,engagement,7
FB-Q2-2021,stories,7
FB-Q2-2021,beyond,6
FB-Q2-2021,opportunity,6
FB-Q2-2021,including,6
FB-Q2-2021,right,6
FB-Q2-2021,grow,6
FB-Q2-2021,shopping,6
FB-Q2-2021,strategy,6
FB-Q2-2021,discovery,6
FB-Q2-2021,million,6
FB-Q2-2021,long-term,6
FB-Q2-2021,zuckerberg,6
FB-Q2-2021,bring,6
FB-Q2-2021,trying,6
FB-Q2-2021,large,6
FB-Q2-2021,web,6
FB-Q2-2021,driver,6
FB-Q2-2021,might,6
FB-Q2-2021,i'll,6
FB-Q2-2021,whether,6
FB-Q2-2021,point,6
FB-Q2-2021,growing,6
FB-Q2-2021,between,6
FB-Q2-2021,saw,6
FB-Q2-2021,covid,6
FB-Q2-2021,increased,6
FB-Q2-2021,impression,6
FB-Q2-2021,available,6
FB-Q2-2021,pretty,6
FB-Q2-2021,know,6
FB-Q2-2021,reality,6
FB-Q2-2021,virtual,6
FB-Q2-2021,find,6
FB-Q2-2021,share,6
FB-Q2-2021,living,6
FB-Q2-2021,basically,6
FB-Q2-2021,own,6
FB-Q2-2021,millions,6
FB-Q2-2021,outlook,6
FB-Q2-2021,vision,6
FB-Q2-2021,less,6
FB-Q2-2021,had,6
FB-Q2-2021,hit,5
FB-Q2-2021,stack,5
FB-Q2-2021,another,5
FB-Q2-2021,effectiveness,5
FB-Q2-2021,done,5
FB-Q2-2021,model,5
FB-Q2-2021,verticals,5
FB-Q2-2021,term,5
FB-Q2-2021,year-over-year,5
FB-Q2-2021,lead,5
FB-Q2-2021,thinking,5
FB-Q2-2021,having,5
FB-Q2-2021,machine,5
FB-Q2-2021,high,5
FB-Q2-2021,america,5
FB-Q2-2021,levels,5
FB-Q2-2021,given,5
FB-Q2-2021,color,5
FB-Q2-2021,capital,5
FB-Q2-2021,core,5
FB-Q2-2021,quest,5
FB-Q2-2021,dr,5
FB-Q2-2021,sales,5
FB-Q2-2021,prices,5
FB-Q2-2021,looking,5
FB-Q2-2021,probably,5
FB-Q2-2021,pricing,5
FB-Q2-2021,doesn't,5
FB-Q2-2021,europe,5
FB-Q2-2021,i've,5
FB-Q2-2021,used,5
FB-Q2-2021,period,5
FB-Q2-2021,pay,5
FB-Q2-2021,side,5
FB-Q2-2021,versus,5
FB-Q2-2021,getting,5
FB-Q2-2021,look,5
FB-Q2-2021,excited,5
FB-Q2-2021,months,5
FB-Q2-2021,release,5
FB-Q2-2021,executive,5
FB-Q2-2021,computing,5
FB-Q2-2021,each,5
FB-Q2-2021,information,5
FB-Q2-2021,could,5
FB-Q2-2021,value,5
FB-Q2-2021,earnings,5
FB-Q2-2021,coming,5
FB-Q2-2021,become,5
FB-Q2-2021,thank,5
FB-Q2-2021,i'd,5
FB-Q2-2021,example,5
FB-Q2-2021,my,5
FB-Q2-2021,starting,5
FB-Q2-2021,monetization,5
FB-Q2-2021,engage,5
FB-Q2-2021,started,5
FB-Q2-2021,ios,4
FB-Q2-2021,morgan,4
FB-Q2-2021,roi,4
FB-Q2-2021,watch,4
FB-Q2-2021,statements,4
FB-Q2-2021,expense,4
FB-Q2-2021,turning,4
FB-Q2-2021,marketing,4
FB-Q2-2021,presence,4
FB-Q2-2021,continues,4
FB-Q2-2021,2,4
FB-Q2-2021,taking,4
FB-Q2-2021,videos,4
FB-Q2-2021,deliver,4
FB-Q2-2021,technology,4
FB-Q2-2021,third,4
FB-Q2-2021,full,4
FB-Q2-2021,aggregated,4
FB-Q2-2021,after,4
FB-Q2-2021,broadly,4
FB-Q2-2021,whole,4
FB-Q2-2021,industry,4
FB-Q2-2021,front,4
FB-Q2-2021,scale,4
FB-Q2-2021,factor,4
FB-Q2-2021,apis,4
FB-Q2-2021,journey,4
FB-Q2-2021,types,4
FB-Q2-2021,per,4
FB-Q2-2021,impressions,4
FB-Q2-2021,related,4
FB-Q2-2021,particularly,4
FB-Q2-2021,goods,4
FB-Q2-2021,media,4
FB-Q2-2021,expectations,4
FB-Q2-2021,augmented,4
FB-Q2-2021,lower,4
FB-Q2-2021,possible,4
FB-Q2-2021,add,4
FB-Q2-2021,no,4
FB-Q2-2021,let,4
FB-Q2-2021,direct,4
FB-Q2-2021,advertiser,4
FB-Q2-2021,rate,4
FB-Q2-2021,56%,4
FB-Q2-2021,afternoon,4
FB-Q2-2021,set,4
FB-Q2-2021,hardware,4
FB-Q2-2021,infrastructure,4
FB-Q2-2021,everything,4
FB-Q2-2021,talking,4
FB-Q2-2021,spend,4
FB-Q2-2021,few,4
FB-Q2-2021,formats,4
FB-Q2-2021,makes,4
FB-Q2-2021,factors,4
FB-Q2-2021,events,4
FB-Q2-2021,hard,4
FB-Q2-2021,quickly,4
FB-Q2-2021,investor,4
FB-Q2-2021,response,4
FB-Q2-2021,communities,4
FB-Q2-2021,messenger,4
FB-Q2-2021,please.operatorour,4
FB-Q2-2021,key,4
FB-Q2-2021,early,4
FB-Q2-2021,world-class,4
FB-Q2-2021,post,4
FB-Q2-2021,relevant,4
FB-Q2-2021,whatsapp,4
FB-Q2-2021,second-quarter,4
FB-Q2-2021,past,4
FB-Q2-2021,justin,4
FB-Q2-2021,discover,4
FB-Q2-2021,looks,4
FB-Q2-2021,att,4
FB-Q2-2021,billions,4
FB-Q2-2021,couple,4
FB-Q2-2021,question.operatorour,4
FB-Q2-2021,guess,4
FB-Q2-2021,event,4
FB-Q2-2021,interact,4
FB-Q2-2021,show,4
FB-Q2-2021,off,4
FB-Q2-2021,keep,4
FB-Q2-2021,potential,4
FB-Q2-2021,appreciate,3
FB-Q2-2021,larger,3
FB-Q2-2021,auction,3
FB-Q2-2021,consumers,3
FB-Q2-2021,numbers,3
FB-Q2-2021,haven't,3
FB-Q2-2021,together,3
FB-Q2-2021,costs,3
FB-Q2-2021,pytorch,3
FB-Q2-2021,performance,3
FB-Q2-2021,themselves,3
FB-Q2-2021,approximately,3
FB-Q2-2021,network,3
FB-Q2-2021,strongest,3
FB-Q2-2021,developing,3
FB-Q2-2021,throughout,3
FB-Q2-2021,access,3
FB-Q2-2021,map,3
FB-Q2-2021,e-commerce,3
FB-Q2-2021,every,3
FB-Q2-2021,ok,3
FB-Q2-2021,press,3
FB-Q2-2021,travel,3
FB-Q2-2021,doug,3
FB-Q2-2021,expenditures,3
FB-Q2-2021,others,3
FB-Q2-2021,centers,3
FB-Q2-2021,environment,3
FB-Q2-2021,compounding,3
FB-Q2-2021,lapping,3
FB-Q2-2021,tv,3
FB-Q2-2021,wondering,3
FB-Q2-2021,audio,3
FB-Q2-2021,called,3
FB-Q2-2021,talked,3
FB-Q2-2021,surfaces,3
FB-Q2-2021,ways,3
FB-Q2-2021,two-year,3
FB-Q2-2021,give,3
FB-Q2-2021,since,3
FB-Q2-2021,only,3
FB-Q2-2021,partners,3
FB-Q2-2021,made,3
FB-Q2-2021,parts,3
FB-Q2-2021,come,3
FB-Q2-2021,inventory,3
FB-Q2-2021,benefited,3
FB-Q2-2021,its,3
FB-Q2-2021,noted,3
FB-Q2-2021,open,3
FB-Q2-2021,opex,3
FB-Q2-2021,trends,3
FB-Q2-2021,price,3
FB-Q2-2021,board,3
FB-Q2-2021,june,3
FB-Q2-2021,major,3
FB-Q2-2021,conference,3
FB-Q2-2021,forward,3
FB-Q2-2021,markets,3
FB-Q2-2021,frl,3
FB-Q2-2021,creating,3
FB-Q2-2021,market,3
FB-Q2-2021,pacific,3
FB-Q2-2021,asia,3
FB-Q2-2021,chips,3
FB-Q2-2021,north,3
FB-Q2-2021,rest,3
FB-Q2-2021,systems,3
FB-Q2-2021,particular,3
FB-Q2-2021,isn't,3
FB-Q2-2021,almost,3
FB-Q2-2021,similar,3
FB-Q2-2021,deceleration,3
FB-Q2-2021,table,3
FB-Q2-2021,continuing,3
FB-Q2-2021,invest,3
FB-Q2-2021,measurement,3
FB-Q2-2021,sense,3
FB-Q2-2021,you've,3
FB-Q2-2021,personal,3
FB-Q2-2021,support,3
FB-Q2-2021,view,3
FB-Q2-2021,dollars,3
FB-Q2-2021,monthly,3
FB-Q2-2021,payment,3
FB-Q2-2021,updates,3
FB-Q2-2021,easily,3
FB-Q2-2021,small,3
FB-Q2-2021,feeds,3
FB-Q2-2021,needs,3
FB-Q2-2021,joining,3
FB-Q2-2021,got,3
FB-Q2-2021,store,3
FB-Q2-2021,convert,3
FB-Q2-2021,converting,3
FB-Q2-2021,anything,3
FB-Q2-2021,u.s,3
FB-Q2-2021,compete,3
FB-Q2-2021,advantage,3
FB-Q2-2021,bit,3
FB-Q2-2021,amount,3
FB-Q2-2021,means,3
FB-Q2-2021,process,3
FB-Q2-2021,macro,3
FB-Q2-2021,secondly,3
FB-Q2-2021,pleased,3
FB-Q2-2021,discuss,3
FB-Q2-2021,recent,3
FB-Q2-2021,easier,3
FB-Q2-2021,api,3
FB-Q2-2021,glasses,3
FB-Q2-2021,modest,3
FB-Q2-2021,marketers,3
FB-Q2-2021,q1,3
FB-Q2-2021,range,3
FB-Q2-2021,control,3
FB-Q2-2021,forward-looking,3
FB-Q2-2021,expanding,3
FB-Q2-2021,bank,3
FB-Q2-2021,youtube,3
FB-Q2-2021,shift,3
FB-Q2-2021,increasing,3
FB-Q2-2021,penetration,3
FB-Q2-2021,calls,3
FB-Q2-2021,hiring,3
FB-Q2-2021,moment,3
FB-Q2-2021,directly,3
FB-Q2-2021,management,3
FB-Q2-2021,website,2
FB-Q2-2021,improve,2
FB-Q2-2021,audiences,2
FB-Q2-2021,active,2
FB-Q2-2021,buy,2
FB-Q2-2021,watching,2
FB-Q2-2021,delivered,2
FB-Q2-2021,grew,2
FB-Q2-2021,users,2
FB-Q2-2021,combined,2
FB-Q2-2021,turn,2
FB-Q2-2021,present,2
FB-Q2-2021,technologies,2
FB-Q2-2021,7%,2
FB-Q2-2021,giving,2
FB-Q2-2021,daus,2
FB-Q2-2021,definition,2
FB-Q2-2021,trend,2
FB-Q2-2021,innovation,2
FB-Q2-2021,privacy-safe,2
FB-Q2-2021,recommendations,2
FB-Q2-2021,put,2
FB-Q2-2021,sandler,2
FB-Q2-2021,single,2
FB-Q2-2021,least,2
FB-Q2-2021,categories,2
FB-Q2-2021,bernstein,2
FB-Q2-2021,daily,2
FB-Q2-2021,gaap,2
FB-Q2-2021,change,2
FB-Q2-2021,estimate,2
FB-Q2-2021,decade,2
FB-Q2-2021,fourth,2
FB-Q2-2021,four,2
FB-Q2-2021,beauty,2
FB-Q2-2021,non-gaap,2
FB-Q2-2021,quite,2
FB-Q2-2021,interface,2
FB-Q2-2021,lapped,2
FB-Q2-2021,ross,2
FB-Q2-2021,elements,2
FB-Q2-2021,elevated,2
FB-Q2-2021,user,2
FB-Q2-2021,clothing,2
FB-Q2-2021,shmulik,2
FB-Q2-2021,measure,2
FB-Q2-2021,barclays,2
FB-Q2-2021,features,2
FB-Q2-2021,constant-currency,2
FB-Q2-2021,currency,2
FB-Q2-2021,bigger,2
FB-Q2-2021,driving,2
FB-Q2-2021,higher,2
FB-Q2-2021,generally,2
FB-Q2-2021,relations,2
FB-Q2-2021,improvements,2
FB-Q2-2021,functionality,2
FB-Q2-2021,funnel,2
FB-Q2-2021,exclusive,2
FB-Q2-2021,expectation,2
FB-Q2-2021,me,2
FB-Q2-2021,challenging,2
FB-Q2-2021,navigate,2
FB-Q2-2021,comments,2
FB-Q2-2021,everybody,2
FB-Q2-2021,stanley,2
FB-Q2-2021,nowak,2
FB-Q2-2021,capabilities,2
FB-Q2-2021,committed,2
FB-Q2-2021,mahaney,2
FB-Q2-2021,evercore,2
FB-Q2-2021,include,2
FB-Q2-2021,isi,2
FB-Q2-2021,president,2
FB-Q2-2021,vice,2
FB-Q2-2021,crawford,2
FB-Q2-2021,job,2
FB-Q2-2021,current,2
FB-Q2-2021,premium,2
FB-Q2-2021,size,2
FB-Q2-2021,cycle,2
FB-Q2-2021,speak,2
FB-Q2-2021,ease,2
FB-Q2-2021,level,2
FB-Q2-2021,noticeable,2
FB-Q2-2021,dau,2
FB-Q2-2021,mentioned,2
FB-Q2-2021,operator,2
FB-Q2-2021,recorded,2
FB-Q2-2021,disclosures,2
FB-Q2-2021,welcome,2
FB-Q2-2021,granularity,2
FB-Q2-2021,anmuth,2
FB-Q2-2021,j.p,2
FB-Q2-2021,mix,2
FB-Q2-2021,curious,2
FB-Q2-2021,connect,2
FB-Q2-2021,instructions,2
FB-Q2-2021,ability,2
FB-Q2-2021,commitment,2
FB-Q2-2021,came,2
FB-Q2-2021,prior,2
FB-Q2-2021,effects,2
FB-Q2-2021,serves,2
FB-Q2-2021,youssef,2
FB-Q2-2021,squali,2
FB-Q2-2021,truist,2
FB-Q2-2021,cost,2
FB-Q2-2021,slower,2
FB-Q2-2021,heard,2
FB-Q2-2021,report,2
FB-Q2-2021,form,2
FB-Q2-2021,contributed,2
FB-Q2-2021,recall,2
FB-Q2-2021,technical,2
FB-Q2-2021,graphics,2
FB-Q2-2021,tailwinds,2
FB-Q2-2021,gets,2
FB-Q2-2021,based,2
FB-Q2-2021,certain,2
FB-Q2-2021,development,2
FB-Q2-2021,such,2
FB-Q2-2021,74%,2
FB-Q2-2021,72%,2
FB-Q2-2021,foundational,2
FB-Q2-2021,net,2
FB-Q2-2021,ended,2
FB-Q2-2021,unchanged,2
FB-Q2-2021,remain,2
FB-Q2-2021,rise,2
FB-Q2-2021,issue,2
FB-Q2-2021,headwinds,2
FB-Q2-2021,targeting,2
FB-Q2-2021,significantly,2
FB-Q2-2021,decelerate,2
FB-Q2-2021,differ,2
FB-Q2-2021,consistent,2
FB-Q2-2021,materially,2
FB-Q2-2021,achieving,2
FB-Q2-2021,sustainability,2
FB-Q2-2021,effectively,2
FB-Q2-2021,securities,2
FB-Q2-2021,class,2
FB-Q2-2021,rising,2
FB-Q2-2021,cash,2
FB-Q2-2021,facilities,2
FB-Q2-2021,office,2
FB-Q2-2021,servers,2
FB-Q2-2021,pressure,2
FB-Q2-2021,tax,2
FB-Q2-2021,income,2
FB-Q2-2021,constantly,2
FB-Q2-2021,customer,2
FB-Q2-2021,huge,2
FB-Q2-2021,algorithms,2
FB-Q2-2021,native,2
FB-Q2-2021,performed,2
FB-Q2-2021,f8,2
FB-Q2-2021,regions,2
FB-Q2-2021,seen,2
FB-Q2-2021,natively,2
FB-Q2-2021,$29.1,2
FB-Q2-2021,unlock,2
FB-Q2-2021,healthy,2
FB-Q2-2021,popular,2
FB-Q2-2021,hope,2
FB-Q2-2021,gives,2
FB-Q2-2021,grateful,2
FB-Q2-2021,person,2
FB-Q2-2021,alone,2
FB-Q2-2021,drive,2
FB-Q2-2021,employees,2
FB-Q2-2021,marketplace,2
FB-Q2-2021,send,2
FB-Q2-2021,creative,2
FB-Q2-2021,either,2
FB-Q2-2021,found,2
FB-Q2-2021,brent,2
FB-Q2-2021,thill,2
FB-Q2-2021,jefferies,2
FB-Q2-2021,harder,2
FB-Q2-2021,ago,2
FB-Q2-2021,hi,2
FB-Q2-2021,phones,2
FB-Q2-2021,accessible,2
FB-Q2-2021,transformation,2
FB-Q2-2021,3.5,2
FB-Q2-2021,road,2
FB-Q2-2021,recovery,2
FB-Q2-2021,hang,2
FB-Q2-2021,fits,2
FB-Q2-2021,play,2
FB-Q2-2021,games,2
FB-Q2-2021,baird,2
FB-Q2-2021,stars,2
FB-Q2-2021,we'll,2
FB-Q2-2021,monetizing,2
FB-Q2-2021,yet,2
FB-Q2-2021,friends,2
FB-Q2-2021,adding,2
FB-Q2-2021,host,2
FB-Q2-2021,rolled,2
FB-Q2-2021,fully,2
FB-Q2-2021,faster,2
FB-Q2-2021,order,2
FB-Q2-2021,five,2
FB-Q2-2021,guide,2
FB-Q2-2021,generation,2
FB-Q2-2021,express,2
FB-Q2-2021,app,2
FB-Q2-2021,primary,2
FB-Q2-2021,participate,2
FB-Q2-2021,accelerating,2
FB-Q2-2021,becoming,2
FB-Q2-2021,money,2
FB-Q2-2021,exciting,2
FB-Q2-2021,keeps,2
FB-Q2-2021,software,2
FB-Q2-2021,avatars,2
FB-Q2-2021,john,2
FB-Q2-2021,sebastian,2
FB-Q2-2021,blocks,2
FB-Q2-2021,blackledge,2
FB-Q2-2021,chapter,2
FB-Q2-2021,addition,2
FB-Q2-2021,cowen,2
FB-Q2-2021,worse,2
FB-Q2-2021,bet,2
FB-Q2-2021,direction,2
FB-Q2-2021,same,2
FB-Q2-2021,teleport,2
FB-Q2-2021,ourselves,2
FB-Q2-2021,opt-in,2
FB-Q2-2021,mobile-first,2
FB-Q2-2021,compelling,2
FB-Q2-2021,accelerated,2
FB-Q2-2021,real,2
FB-Q2-2021,walmart,2
FB-Q2-2021,communication,2
FB-Q2-2021,forms,2
FB-Q2-2021,following,2
FB-Q2-2021,recently,2
FB-Q2-2021,announced,2
FB-Q2-2021,natural,2
FB-Q2-2021,q3,2
FB-Q2-2021,nathanson,2
FB-Q2-2021,sell,2
FB-Q2-2021,$1,2
FB-Q2-2021,move,2
FB-Q2-2021,likely,2
FB-Q2-2021,spent,2
FB-Q2-2021,engagements,2
FB-Q2-2021,moffettnathanson,2
FB-Q2-2021,launched,2
FB-Q2-2021,michael,2
FB-Q2-2021,free,2
FB-Q2-2021,launch,2
FB-Q2-2021,groups,2
FB-Q2-2021,cross-app,2
FB-Q2-2021,integrations,2
FB-Q2-2021,shop,2
FB-Q2-2021,created,2
FB-Q2-2021,jobs,2
FB-Q2-2021,favorably,2
FB-Q2-2021,led,2
FB-Q2-2021,easy,2
FB-Q2-2021,format,2
FB-Q2-2021,specifically,2
FB-Q2-2021,learnings,2
FB-Q2-2021,service,2
FB-Q2-2021,conversion,2
FB-Q2-2021,moving,2
FB-Q2-2021,hires,2
FB-Q2-2021,three,2
FB-Q2-2021,lots,2
FB-Q2-2021,largest,2
FB-Q2-2021,becomes,2
FB-Q2-2021,helped,2
FB-Q2-2021,interesting,2
FB-Q2-2021,inside,2
FB-Q2-2021,better?,2
FB-Q2-2021,york,2
FB-Q2-2021,family,2
FB-Q2-2021,entertainment,2
FB-Q2-2021,they've,2
FB-Q2-2021,success,2
FB-Q2-2021,believe,2
FB-Q2-2021,pizza,2
FB-Q2-2021,selling,2
FB-Q2-2021,pop-up,2
FB-Q2-2021,layer,2
FB-Q2-2021,fitness,2
FB-Q2-2021,rather,2
FB-Q2-2021,goal,2
FB-Q2-2021,interested,2
FB-Q2-2021,mobile,2
FB-Q2-2021,cupcake,2
FB-Q2-2021,earlier,1
FB-Q2-2021,breakout,1
FB-Q2-2021,anywhere,1
FB-Q2-2021,$5,1
FB-Q2-2021,material,1
FB-Q2-2021,ballpark,1
FB-Q2-2021,month,1
FB-Q2-2021,lessen,1
FB-Q2-2021,rank,1
FB-Q2-2021,categorized,1
FB-Q2-2021,extent,1
FB-Q2-2021,close,1
FB-Q2-2021,stays,1
FB-Q2-2021,running,1
FB-Q2-2021,face,1
FB-Q2-2021,that?,1
FB-Q2-2021,regulation,1
FB-Q2-2021,click-to-messaging,1
FB-Q2-2021,address,1
FB-Q2-2021,observed,1
FB-Q2-2021,associated,1
FB-Q2-2021,valuable,1
FB-Q2-2021,charging,1
FB-Q2-2021,swing,1
FB-Q2-2021,care,1
FB-Q2-2021,communicate,1
FB-Q2-2021,auction-based,1
FB-Q2-2021,reason,1
FB-Q2-2021,interactions,1
FB-Q2-2021,end,1
FB-Q2-2021,concerned,1
FB-Q2-2021,priced,1
FB-Q2-2021,naturally,1
FB-Q2-2021,investors,1
FB-Q2-2021,creates,1
FB-Q2-2021,works,1
FB-Q2-2021,disruptive,1
FB-Q2-2021,fewer,1
FB-Q2-2021,expect?,1
FB-Q2-2021,optimal,1
FB-Q2-2021,meaning,1
FB-Q2-2021,outcomes,1
FB-Q2-2021,wherever,1
FB-Q2-2021,conversions,1
FB-Q2-2021,interoperability,1
FB-Q2-2021,compare,1
FB-Q2-2021,crude,1
FB-Q2-2021,aligned,1
FB-Q2-2021,platform?dave,1
FB-Q2-2021,retool,1
FB-Q2-2021,matter,1
FB-Q2-2021,efficacy,1
FB-Q2-2021,routinely,1
FB-Q2-2021,pronounced,1
FB-Q2-2021,approaches,1
FB-Q2-2021,standard,1
FB-Q2-2021,weakness,1
FB-Q2-2021,annually,1
FB-Q2-2021,foreseeable,1
FB-Q2-2021,dividends,1
FB-Q2-2021,avod,1
FB-Q2-2021,library,1
FB-Q2-2021,provided,1
FB-Q2-2021,sink,1
FB-Q2-2021,open-source,1
FB-Q2-2021,grab,1
FB-Q2-2021,dollars?,1
FB-Q2-2021,expand,1
FB-Q2-2021,sports?,1
FB-Q2-2021,question.doug,1
FB-Q2-2021,team,1
FB-Q2-2021,else,1
FB-Q2-2021,comps,1
FB-Q2-2021,project,1
FB-Q2-2021,spin,1
FB-Q2-2021,year?,1
FB-Q2-2021,forward?,1
FB-Q2-2021,developed,1
FB-Q2-2021,asked,1
FB-Q2-2021,signal,1
FB-Q2-2021,ahead.michael,1
FB-Q2-2021,question.operatorvery,1
FB-Q2-2021,shooting,1
FB-Q2-2021,overall.dave,1
FB-Q2-2021,mission,1
FB-Q2-2021,serving,1
FB-Q2-2021,affordable,1
FB-Q2-2021,compounds,1
FB-Q2-2021,researchers,1
FB-Q2-2021,happy,1
FB-Q2-2021,evolve,1
FB-Q2-2021,65,1
FB-Q2-2021,note,1
FB-Q2-2021,ingenuity,1
FB-Q2-2021,cleverness,1
FB-Q2-2021,descriptions,1
FB-Q2-2021,beginning.dave,1
FB-Q2-2021,allocation,1
FB-Q2-2021,perspective,1
FB-Q2-2021,repeatedly,1
FB-Q2-2021,relates,1
FB-Q2-2021,among,1
FB-Q2-2021,times,1
FB-Q2-2021,embraced,1
FB-Q2-2021,solutions,1
FB-Q2-2021,in-stream,1
FB-Q2-2021,tends,1
FB-Q2-2021,technologically,1
FB-Q2-2021,contributions,1
FB-Q2-2021,riding,1
FB-Q2-2021,explore,1
FB-Q2-2021,waves,1
FB-Q2-2021,stuff,1
FB-Q2-2021,safe.operator[operator,1
FB-Q2-2021,begun,1
FB-Q2-2021,identifying,1
FB-Q2-2021,globally,1
FB-Q2-2021,integrity,1
FB-Q2-2021,absolute,1
FB-Q2-2021,detection,1
FB-Q2-2021,ad-eligible,1
FB-Q2-2021,benefiting,1
FB-Q2-2021,spam,1
FB-Q2-2021,ranking,1
FB-Q2-2021,embodiment,1
FB-Q2-2021,outperformed,1
FB-Q2-2021,introduced,1
FB-Q2-2021,horizon,1
FB-Q2-2021,lockdowns,1
FB-Q2-2021,framework,1
FB-Q2-2021,specificity,1
FB-Q2-2021,helps,1
FB-Q2-2021,loss,1
FB-Q2-2021,fundamental,1
FB-Q2-2021,changed,1
FB-Q2-2021,all?,1
FB-Q2-2021,spending,1
FB-Q2-2021,who've,1
FB-Q2-2021,comment,1
FB-Q2-2021,facebook-specific,1
FB-Q2-2021,duration:,1
FB-Q2-2021,mitigation,1
FB-Q2-2021,there.dave,1
FB-Q2-2021,signoff,1
FB-Q2-2021,remainder,1
FB-Q2-2021,days?sheryl,1
FB-Q2-2021,soon,1
FB-Q2-2021,anytime,1
FB-Q2-2021,continually,1
FB-Q2-2021,slowing,1
FB-Q2-2021,seem,1
FB-Q2-2021,biggest,1
FB-Q2-2021,saying,1
FB-Q2-2021,stores,1
FB-Q2-2021,inclusive,1
FB-Q2-2021,awareness,1
FB-Q2-2021,distinction,1
FB-Q2-2021,traditional,1
FB-Q2-2021,proficient,1
FB-Q2-2021,traditionally,1
FB-Q2-2021,putting,1
FB-Q2-2021,decel?,1
FB-Q2-2021,considered,1
FB-Q2-2021,advertising.dave,1
FB-Q2-2021,points,1
FB-Q2-2021,3,1
FB-Q2-2021,ahead.ross,1
FB-Q2-2021,there.sheryl,1
FB-Q2-2021,follow-up,1
FB-Q2-2021,topic,1
FB-Q2-2021,ahead.brent,1
FB-Q2-2021,pays,1
FB-Q2-2021,$0.50,1
FB-Q2-2021,dollar,1
FB-Q2-2021,allows,1
FB-Q2-2021,$15,1
FB-Q2-2021,guys,1
FB-Q2-2021,lean,1
FB-Q2-2021,brand/dr,1
FB-Q2-2021,dr-centric,1
FB-Q2-2021,her,1
FB-Q2-2021,tv.dave,1
FB-Q2-2021,jump,1
FB-Q2-2021,performing,1
FB-Q2-2021,guidance,1
FB-Q2-2021,solid,1
FB-Q2-2021,bulk,1
FB-Q2-2021,provide,1
FB-Q2-2021,did,1
FB-Q2-2021,nice,1
FB-Q2-2021,rebound,1
FB-Q2-2021,took,1
FB-Q2-2021,year-ago,1
FB-Q2-2021,highly,1
FB-Q2-2021,didn't,1
FB-Q2-2021,pullback,1
FB-Q2-2021,strongly,1
FB-Q2-2021,helpful.dave,1
FB-Q2-2021,extremely,1
FB-Q2-2021,decel,1
FB-Q2-2021,home,1
FB-Q2-2021,seven?,1
FB-Q2-2021,older,1
FB-Q2-2021,fashion,1
FB-Q2-2021,area?,1
FB-Q2-2021,whichever,1
FB-Q2-2021,influencers,1
FB-Q2-2021,alliance,1
FB-Q2-2021,surface,1
FB-Q2-2021,outlined,1
FB-Q2-2021,structure,1
FB-Q2-2021,fit,1
FB-Q2-2021,vibrant,1
FB-Q2-2021,you.operatorour,1
FB-Q2-2021,seconds,1
FB-Q2-2021,30,1
FB-Q2-2021,purchase,1
FB-Q2-2021,screen,1
FB-Q2-2021,viewers,1
FB-Q2-2021,thousands,1
FB-Q2-2021,ahead.mark,1
FB-Q2-2021,roll,1
FB-Q2-2021,rates?sheryl,1
FB-Q2-2021,differences,1
FB-Q2-2021,ab,1
FB-Q2-2021,upgrade,1
FB-Q2-2021,reengaged,1
FB-Q2-2021,traction,1
FB-Q2-2021,type,1
FB-Q2-2021,platform?,1
FB-Q2-2021,above,1
FB-Q2-2021,fair,1
FB-Q2-2021,licensing,1
FB-Q2-2021,music,1
FB-Q2-2021,resulted,1
FB-Q2-2021,paid,1
FB-Q2-2021,folks,1
FB-Q2-2021,optimize,1
FB-Q2-2021,margins,1
FB-Q2-2021,offset,1
FB-Q2-2021,engagement?,1
FB-Q2-2021,ran,1
FB-Q2-2021,reels?,1
FB-Q2-2021,proliferate,1
FB-Q2-2021,everywhere,1
FB-Q2-2021,blue,1
FB-Q2-2021,units,1
FB-Q2-2021,yes.dave,1
FB-Q2-2021,want.sheryl,1
FB-Q2-2021,instagram?dave,1
FB-Q2-2021,question?dave,1
FB-Q2-2021,parallel,1
FB-Q2-2021,opposed,1
FB-Q2-2021,individual,1
FB-Q2-2021,instance,1
FB-Q2-2021,she,1
FB-Q2-2021,wants,1
FB-Q2-2021,muted,1
FB-Q2-2021,listening,1
FB-Q2-2021,aren't,1
FB-Q2-2021,drummond,1
FB-Q2-2021,contributing,1
FB-Q2-2021,sometimes,1
FB-Q2-2021,importantly,1
FB-Q2-2021,1.2,1
FB-Q2-2021,opening,1
FB-Q2-2021,integration,1
FB-Q2-2021,ahead.youssef,1
FB-Q2-2021,pieces,1
FB-Q2-2021,seems,1
FB-Q2-2021,incrementally,1
FB-Q2-2021,communal,1
FB-Q2-2021,refresh,1
FB-Q2-2021,ml,1
FB-Q2-2021,higher-level,1
FB-Q2-2021,parties,1
FB-Q2-2021,ahead.colin,1
FB-Q2-2021,walled,1
FB-Q2-2021,pioneer,1
FB-Q2-2021,again,1
FB-Q2-2021,gardens,1
FB-Q2-2021,ree,1
FB-Q2-2021,personalization,1
FB-Q2-2021,contextually,1
FB-Q2-2021,stakes,1
FB-Q2-2021,that.mark,1
FB-Q2-2021,cool,1
FB-Q2-2021,second.sheryl,1
FB-Q2-2021,sorry,1
FB-Q2-2021,paying,1
FB-Q2-2021,wonder,1
FB-Q2-2021,bid,1
FB-Q2-2021,appropriately,1
FB-Q2-2021,targeted,1
FB-Q2-2021,competitive,1
FB-Q2-2021,seemingly,1
FB-Q2-2021,always,1
FB-Q2-2021,maintaining,1
FB-Q2-2021,buys,1
FB-Q2-2021,advanced,1
FB-Q2-2021,messaging?,1
FB-Q2-2021,engaged,1
FB-Q2-2021,activity,1
FB-Q2-2021,once,1
FB-Q2-2021,incentivized,1
FB-Q2-2021,returning,1
FB-Q2-2021,actually,1
FB-Q2-2021,embrace,1
FB-Q2-2021,14.5,1
FB-Q2-2021,target,1
FB-Q2-2021,cooking,1
FB-Q2-2021,28%,1
FB-Q2-2021,39%,1
FB-Q2-2021,implies,1
FB-Q2-2021,deepest,1
FB-Q2-2021,socialize,1
FB-Q2-2021,prioritizing,1
FB-Q2-2021,midpoint,1
FB-Q2-2021,woman,1
FB-Q2-2021,feature,1
FB-Q2-2021,broader,1
FB-Q2-2021,point?,1
FB-Q2-2021,general,1
FB-Q2-2021,sensors,1
FB-Q2-2021,push,1
FB-Q2-2021,leave,1
FB-Q2-2021,space,1
FB-Q2-2021,winners,1
FB-Q2-2021,instagram?,1
FB-Q2-2021,builds,1
FB-Q2-2021,ahead.john,1
FB-Q2-2021,ecosystem,1
FB-Q2-2021,to.dave,1
FB-Q2-2021,drivers,1
FB-Q2-2021,computers,1
FB-Q2-2021,program,1
FB-Q2-2021,improving,1
FB-Q2-2021,dovetails,1
FB-Q2-2021,several,1
FB-Q2-2021,pulled,1
FB-Q2-2021,colin,1
FB-Q2-2021,accelerate,1
FB-Q2-2021,app-installed,1
FB-Q2-2021,brand.mark,1
FB-Q2-2021,nonheadcount-related,1
FB-Q2-2021,wave,1
FB-Q2-2021,ride,1
FB-Q2-2021,surprise,1
FB-Q2-2021,benefit,1
FB-Q2-2021,nvidia,1
FB-Q2-2021,year.dave,1
FB-Q2-2021,perform,1
FB-Q2-2021,tech,1
FB-Q2-2021,graphically,1
FB-Q2-2021,intense,1
FB-Q2-2021,intending,1
FB-Q2-2021,rebuild,1
FB-Q2-2021,counting,1
FB-Q2-2021,well.dave,1
FB-Q2-2021,operatorgood,1
FB-Q2-2021,expressing,1
FB-Q2-2021,expensive,1
FB-Q2-2021,ecosystems,1
FB-Q2-2021,upside,1
FB-Q2-2021,protocols,1
FB-Q2-2021,standards,1
FB-Q2-2021,rendering,1
FB-Q2-2021,engines,1
FB-Q2-2021,fill,1
FB-Q2-2021,built,1
FB-Q2-2021,require,1
FB-Q2-2021,continuation,1
FB-Q2-2021,brings,1
FB-Q2-2021,ultimate,1
FB-Q2-2021,expression,1
FB-Q2-2021,dreamed,1
FB-Q2-2021,gradually,1
FB-Q2-2021,transition,1
FB-Q2-2021,milestones,1
FB-Q2-2021,along,1
FB-Q2-2021,meantime,1
FB-Q2-2021,supported,1
FB-Q2-2021,far,1
FB-Q2-2021,sheryl.sheryl,1
FB-Q2-2021,safe,1
FB-Q2-2021,increase,1
FB-Q2-2021,retail,1
FB-Q2-2021,cpg,1
FB-Q2-2021,continued,1
FB-Q2-2021,can't,1
FB-Q2-2021,learned,1
FB-Q2-2021,lifetime,1
FB-Q2-2021,embodied,1
FB-Q2-2021,iconic,1
FB-Q2-2021,neat,1
FB-Q2-2021,hands,1
FB-Q2-2021,discussed,1
FB-Q2-2021,today:,1
FB-Q2-2021,priorities,1
FB-Q2-2021,goal:,1
FB-Q2-2021,sharing,1
FB-Q2-2021,wanted,1
FB-Q2-2021,initiatives,1
FB-Q2-2021,metaverse?,1
FB-Q2-2021,spaces,1
FB-Q2-2021,successor,1
FB-Q2-2021,projects,1
FB-Q2-2021,fidelity,1
FB-Q2-2021,pcs,1
FB-Q2-2021,immersive,1
FB-Q2-2021,dancing,1
FB-Q2-2021,defining,1
FB-Q2-2021,quality,1
FB-Q2-2021,feeling,1
FB-Q2-2021,creation,1
FB-Q2-2021,objects,1
FB-Q2-2021,central,1
FB-Q2-2021,entirely,1
FB-Q2-2021,economic,1
FB-Q2-2021,ongoing,1
FB-Q2-2021,orders,1
FB-Q2-2021,experiencing,1
FB-Q2-2021,remotely,1
FB-Q2-2021,california,1
FB-Q2-2021,return,1
FB-Q2-2021,newer,1
FB-Q2-2021,planning,1
FB-Q2-2021,desktop,1
FB-Q2-2021,right-hand,1
FB-Q2-2021,shifted,1
FB-Q2-2021,10,1
FB-Q2-2021,effort,1
FB-Q2-2021,innovative,1
FB-Q2-2021,era,1
FB-Q2-2021,innovations,1
FB-Q2-2021,places,1
FB-Q2-2021,you'll,1
FB-Q2-2021,love,1
FB-Q2-2021,testing,1
FB-Q2-2021,tap,1
FB-Q2-2021,browse,1
FB-Q2-2021,topics,1
FB-Q2-2021,context,1
FB-Q2-2021,smarter,1
FB-Q2-2021,hotels,1
FB-Q2-2021,flights,1
FB-Q2-2021,touched,1
FB-Q2-2021,modern,1
FB-Q2-2021,seamless,1
FB-Q2-2021,doorstep,1
FB-Q2-2021,arizona,1
FB-Q2-2021,florida,1
FB-Q2-2021,maryland,1
FB-Q2-2021,march,1
FB-Q2-2021,pages,1
FB-Q2-2021,profiles,1
FB-Q2-2021,tell,1
FB-Q2-2021,reaching,1
FB-Q2-2021,owned,1
FB-Q2-2021,baking,1
FB-Q2-2021,city,1
FB-Q2-2021,2018,1
FB-Q2-2021,locations,1
FB-Q2-2021,shut,1
FB-Q2-2021,catering,1
FB-Q2-2021,canceled,1
FB-Q2-2021,became,1
FB-Q2-2021,fulfillment,1
FB-Q2-2021,tested,1
FB-Q2-2021,campaigns,1
FB-Q2-2021,tri-state,1
FB-Q2-2021,ramped,1
FB-Q2-2021,budget,1
FB-Q2-2021,28,1
FB-Q2-2021,states,1
FB-Q2-2021,plan,1
FB-Q2-2021,shipping,1
FB-Q2-2021,nationwide,1
FB-Q2-2021,expanded,1
FB-Q2-2021,production,1
FB-Q2-2021,essilorluxottica,1
FB-Q2-2021,partnership,1
FB-Q2-2021,ray-ban,1
FB-Q2-2021,smart,1
FB-Q2-2021,discussing,1
FB-Q2-2021,themes,1
FB-Q2-2021,earn,1
FB-Q2-2021,text,1
FB-Q2-2021,photos,1
FB-Q2-2021,gaming,1
FB-Q2-2021,theme,1
FB-Q2-2021,executing,1
FB-Q2-2021,steadily,1
FB-Q2-2021,accounts,1
FB-Q2-2021,contributor,1
FB-Q2-2021,short-form,1
FB-Q2-2021,anyone,1
FB-Q2-2021,viewed,1
FB-Q2-2021,recommended,1
FB-Q2-2021,follow,1
FB-Q2-2021,complement,1
FB-Q2-2021,years.on-demand,1
FB-Q2-2021,compensated,1
FB-Q2-2021,$50,1
FB-Q2-2021,game,1
FB-Q2-2021,stream,1
FB-Q2-2021,extending,1
FB-Q2-2021,fans,1
FB-Q2-2021,on-demand,1
FB-Q2-2021,smaller,1
FB-Q2-2021,percent,1
FB-Q2-2021,actively,1
FB-Q2-2021,investor.fb.com,1
FB-Q2-2021,presentation,1
FB-Q2-2021,forth,1
FB-Q2-2021,name,1
FB-Q2-2021,ms,1
FB-Q2-2021,deborah,1
FB-Q2-2021,begin.deborah,1
FB-Q2-2021,ceo,1
FB-Q2-2021,coo,1
FB-Q2-2021,cfo,1
FB-Q2-2021,remind,1
FB-Q2-2021,remarks,1
FB-Q2-2021,actual,1
FB-Q2-2021,contemplated,1
FB-Q2-2021,cause,1
FB-Q2-2021,quarterly,1
FB-Q2-2021,accompanying,1
FB-Q2-2021,10-q,1
FB-Q2-2021,filed,1
FB-Q2-2021,sec,1
FB-Q2-2021,assumptions,1
FB-Q2-2021,undertake,1
FB-Q2-2021,obligation,1
FB-Q2-2021,update,1
FB-Q2-2021,result,1
FB-Q2-2021,measures.a,1
FB-Q2-2021,reconciliation,1
FB-Q2-2021,measures,1
FB-Q2-2021,included,1
FB-Q2-2021,unique,1
FB-Q2-2021,followers,1
FB-Q2-2021,breaks,1
FB-Q2-2021,clicking,1
FB-Q2-2021,diversity,1
FB-Q2-2021,confident,1
FB-Q2-2021,brazil,1
FB-Q2-2021,india,1
FB-Q2-2021,simple,1
FB-Q2-2021,secure,1
FB-Q2-2021,qr,1
FB-Q2-2021,codes,1
FB-Q2-2021,outside,1
FB-Q2-2021,checkout,1
FB-Q2-2021,option,1
FB-Q2-2021,views,1
FB-Q2-2021,deeper,1
FB-Q2-2021,superior,1
FB-Q2-2021,heavily,1
FB-Q2-2021,critical,1
FB-Q2-2021,unlocking,1
FB-Q2-2021,regular,1
FB-Q2-2021,pass-through,1
FB-Q2-2021,developers,1
FB-Q2-2021,mixed-reality,1
FB-Q2-2021,broadening,1
FB-Q2-2021,original,1
FB-Q2-2021,thesis,1
FB-Q2-2021,cases,1
FB-Q2-2021,creativity,1
FB-Q2-2021,presences,1
FB-Q2-2021,enable,1
FB-Q2-2021,midroll,1
FB-Q2-2021,optimistic,1
FB-Q2-2021,deeply,1
FB-Q2-2021,majority,1
FB-Q2-2021,emergent,1
FB-Q2-2021,behavior,1
FB-Q2-2021,rooms,1
FB-Q2-2021,podcasts,1
FB-Q2-2021,bulletin,1
FB-Q2-2021,publishing,1
FB-Q2-2021,subscription,1
FB-Q2-2021,writers,1
FB-Q2-2021,room,1
FB-Q2-2021,2023,1
FB-Q2-2021,hearing,1
FB-Q2-2021,exist,1
FB-Q2-2021,voices,1
FB-Q2-2021,interacting,1
FB-Q2-2021,approach,1
FB-Q2-2021,top,1
FB-Q2-2021,link,1
FB-Q2-2021,site,1
FB-Q2-2021,often,1
FB-Q2-2021,land,1
FB-Q2-2021,page,1
FB-Q2-2021,optimized,1
FB-Q2-2021,reenter,1
FB-Q2-2021,phase,1
FB-Q2-2021,privacy-enhancing,1
FB-Q2-2021,challenges,1
FB-Q2-2021,reasons,1
FB-Q2-2021,partnerships,1
FB-Q2-2021,portfolio,1
FB-Q2-2021,$19,1
FB-Q2-2021,$21,1
FB-Q2-2021,full-year,1
FB-Q2-2021,teens,1
FB-Q2-2021,closing,1
FB-Q2-2021,innovating,1
FB-Q2-2021,behalf,1
FB-Q2-2021,&,1
FB-Q2-2021,answers:,1
FB-Q2-2021,operator[operator,1
FB-Q2-2021,brian,1
FB-Q2-2021,sir.brian,1
FB-Q2-2021,thought,1
FB-Q2-2021,"""it",1
FB-Q2-2021,"meaningful,""",1
FB-Q2-2021,tonight,1
FB-Q2-2021,somewhat,1
FB-Q2-2021,execution,1
FB-Q2-2021,overcome,1
FB-Q2-2021,attacking,1
FB-Q2-2021,understand,1
FB-Q2-2021,little,1
FB-Q2-2021,intend,1
FB-Q2-2021,platform.mark,1
FB-Q2-2021,main,1
FB-Q2-2021,mind,1
FB-Q2-2021,reflects,1
FB-Q2-2021,hardware-related,1
FB-Q2-2021,talent,1
FB-Q2-2021,exclude,1
FB-Q2-2021,chain,1
FB-Q2-2021,2030,1
FB-Q2-2021,released,1
FB-Q2-2021,annual,1
FB-Q2-2021,details,1
FB-Q2-2021,objectives,1
FB-Q2-2021,increases,1
FB-Q2-2021,quarters,1
FB-Q2-2021,sequential,1
FB-Q2-2021,lap,1
FB-Q2-2021,periods,1
FB-Q2-2021,viewing,1
FB-Q2-2021,impacts,1
FB-Q2-2021,$73,1
FB-Q2-2021,modestly,1
FB-Q2-2021,regulatory,1
FB-Q2-2021,notably,1
FB-Q2-2021,monitor,1
FB-Q2-2021,developments,1
FB-Q2-2021,regarding,1
FB-Q2-2021,viability,1
FB-Q2-2021,transatlantic,1
FB-Q2-2021,transfers,1
FB-Q2-2021,european,1
FB-Q2-2021,operations,1
FB-Q2-2021,$70,1
FB-Q2-2021,tail,1
FB-Q2-2021,merchants,1
FB-Q2-2021,collaborating,1
FB-Q2-2021,compound,1
FB-Q2-2021,ar,1
FB-Q2-2021,vr?,1
FB-Q2-2021,20%,1
FB-Q2-2021,openings,1
FB-Q2-2021,oculus,1
FB-Q2-2021,that.dave,1
FB-Q2-2021,impacted,1
FB-Q2-2021,mau,1
FB-Q2-2021,bounce,1
FB-Q2-2021,quarter-to-quarter,1
FB-Q2-2021,penetrated,1
FB-Q2-2021,combination,1
FB-Q2-2021,seasonal,1
FB-Q2-2021,slowness,1
FB-Q2-2021,covid-related,1
FB-Q2-2021,softness,1
FB-Q2-2021,restriction,1
FB-Q2-2021,restrictions,1
FB-Q2-2021,delta,1
FB-Q2-2021,predict,1
FB-Q2-2021,read,1
FB-Q2-2021,point.mark,1
FB-Q2-2021,basic,1
FB-Q2-2021,playbook,1
FB-Q2-2021,hundreds,1
FB-Q2-2021,embark,1
FB-Q2-2021,too,1
FB-Q2-2021,level?,1
FB-Q2-2021,thoughts,1
FB-Q2-2021,private,1
FB-Q2-2021,distribution,1
FB-Q2-2021,realistically,1
FB-Q2-2021,shouldn't,1
FB-Q2-2021,profitability,1
FB-Q2-2021,near,1
FB-Q2-2021,click,1
FB-Q2-2021,whatever,1
FB-Q2-2021,path,1
FB-Q2-2021,properties,1
FB-Q2-2021,necessarily,1
FB-Q2-2021,case,1
FB-Q2-2021,fundamentally,1
FB-Q2-2021,win,1
FB-Q2-2021,personalize,1
FB-Q2-2021,universe,1
FB-Q2-2021,breadth,1
FB-Q2-2021,now.dave,1
FB-Q2-2021,ahead.justin,1
FB-Q2-2021,merrill,1
FB-Q2-2021,lynch,1
FB-Q2-2021,feel,1
FB-Q2-2021,reopening,1
FB-Q2-2021,affecting,1
FB-Q2-2021,activity?,1
FB-Q2-2021,here?,1
FB-Q2-2021,commentary,1
FB-Q2-2021,meta,1
FB-Q2-2021,entire,1
FB-Q2-2021,emissions,1
FB-Q2-2021,net-zero,1
FB-Q2-2021,marketable,1
FB-Q2-2021,represented,1
FB-Q2-2021,66%,1
FB-Q2-2021,2.9,1
FB-Q2-2021,maus,1
FB-Q2-2021,194,1
FB-Q2-2021,financials,1
FB-Q2-2021,comparisons,1
FB-Q2-2021,unless,1
FB-Q2-2021,otherwise,1
FB-Q2-2021,50%,1
FB-Q2-2021,tailwind,1
FB-Q2-2021,foreign,1
FB-Q2-2021,exchange,1
FB-Q2-2021,remained,1
FB-Q2-2021,constant,1
FB-Q2-2021,$982,1
FB-Q2-2021,decelerated,1
FB-Q2-2021,$28.6,1
FB-Q2-2021,51%,1
FB-Q2-2021,macroeconomic,1
FB-Q2-2021,remains,1
FB-Q2-2021,largely,1
FB-Q2-2021,packaged,1
FB-Q2-2021,improved,1
FB-Q2-2021,challenged,1
FB-Q2-2021,geography,1
FB-Q2-2021,hardest,1
FB-Q2-2021,123,1
FB-Q2-2021,1.91,1
FB-Q2-2021,reached,1
FB-Q2-2021,focusing,1
FB-Q2-2021,minimize,1
FB-Q2-2021,allowing,1
FB-Q2-2021,solve,1
FB-Q2-2021,kinds,1
FB-Q2-2021,relationship,1
FB-Q2-2021,run,1
FB-Q2-2021,suite,1
FB-Q2-2021,message,1
FB-Q2-2021,rely,1
FB-Q2-2021,instead,1
FB-Q2-2021,phone,1
FB-Q2-2021,away,1
FB-Q2-2021,sizes,1
FB-Q2-2021,global,1
FB-Q2-2021,ever,1
FB-Q2-2021,amazed,1
FB-Q2-2021,teams,1
FB-Q2-2021,lucky,1
FB-Q2-2021,brilliant,1
FB-Q2-2021,connected,1
FB-Q2-2021,survive,1
FB-Q2-2021,thrive,1
FB-Q2-2021,dave.dave,1
FB-Q2-2021,begin,1
FB-Q2-2021,metrics,1
FB-Q2-2021,2.8,1
FB-Q2-2021,86%,1
FB-Q2-2021,canada,1
FB-Q2-2021,63%,1
FB-Q2-2021,43%,1
FB-Q2-2021,23%,1
FB-Q2-2021,mostly,1
FB-Q2-2021,employee-related,1
FB-Q2-2021,legal,1
FB-Q2-2021,added,1
FB-Q2-2021,"2,700",1
FB-Q2-2021,functions,1
FB-Q2-2021,"63,400",1
FB-Q2-2021,full-time,1
FB-Q2-2021,21%,1
FB-Q2-2021,$12.4,1
FB-Q2-2021,representing,1
FB-Q2-2021,margin,1
FB-Q2-2021,lastly,1
FB-Q2-2021,17%,1
FB-Q2-2021,$10.4,1
FB-Q2-2021,$3.61,1
FB-Q2-2021,leases,1
FB-Q2-2021,$4.7,1
FB-Q2-2021,flow,1
FB-Q2-2021,$8.5,1
FB-Q2-2021,repurchased,1
FB-Q2-2021,$7.1,1
FB-Q2-2021,common,1
FB-Q2-2021,stock,1
FB-Q2-2021,$64.1,1
FB-Q2-2021,g&a,1
FB-Q2-2021,mainly,1
FB-Q2-2021,48%,1
FB-Q2-2021,though,1
FB-Q2-2021,respectively,1
FB-Q2-2021,served,1
FB-Q2-2021,6%,1
FB-Q2-2021,average,1
FB-Q2-2021,47%,1
FB-Q2-2021,broad-based,1
FB-Q2-2021,strength,1
FB-Q2-2021,demand,1
FB-Q2-2021,2020,1
FB-Q2-2021,depressed,1
FB-Q2-2021,$497,1
FB-Q2-2021,36%,1
FB-Q2-2021,slowed,1
FB-Q2-2021,15%,1
FB-Q2-2021,entered,1
FB-Q2-2021,seasonally,1
FB-Q2-2021,adjustment,1
FB-Q2-2021,returns,1
FB-Q2-2021,foam,1
FB-Q2-2021,facial,1
FB-Q2-2021,$16.7,1
FB-Q2-2021,31%,1
FB-Q2-2021,items:,1
FB-Q2-2021,41%,1
FB-Q2-2021,r&d,1
FB-Q2-2021,37%,1
FB-Q2-2021,minutes,1
